nome,ruolo,squadra,quotazione,fantamedia,gol,assist,voto_medio,note
Svilar,P,Roma,18.0,75.0,0,0,75.0,
Martinez Jo.,P,Inter,17.0,63.0,0,0,63.0,
Carnesecchi,P,Atalanta,16.0,52.0,0,0,52.0,
Butez,P,Como,16.0,54.0,0,0,54.0,
Vicario,P,Juventus,16.0,58.0,0,0,58.0,
Maignan,P,Milan,15.0,50.0,0,0,50.0,
De Gea,P,Fiorentina,13.0,40.0,0,0,40.0,
Meret,P,Napoli,11.0,53.0,0,0,53.0,
Skorupski,P,Bologna,10.0,36.0,0,0,36.0,
Caprile,P,Cagliari,9.0,28.0,0,0,28.0,
Mandas,P,Lazio,9.0,32.0,0,0,32.0,
Falcone,P,Lecce,8.0,30.0,0,0,30.0,
Okoye,P,Udinese,9.0,29.0,0,0,29.0,
Perri,P,Torino,9.0,26.0,0,0,26.0,
Bijlow,P,Genoa,8.0,17.0,0,0,17.0,
Daffara,P,Parma,7.0,10.0,0,0,10.0,
Muric,P,Sassuolo,7.0,15.0,0,0,15.0,
Stankovic F.,P,Venezia,6.0,12.0,0,0,12.0,
Palmisani,P,Frosinone,4.0,12.0,0,0,12.0,
Thiam,P,Monza,5.0,11.0,0,0,11.0,
Milinkovic-Savic V.,P,Napoli,5.0,7.0,0,0,7.0,
Desplanches,P,Frosinone,2.0,3.0,0,0,3.0,
Provedel,P,Inter,2.0,5.0,0,0,5.0,
Sportiello,P,Atalanta,1.0,1.0,0,0,1.0,
Happonen,P,Bologna,1.0,1.0,0,0,1.0,
Pessina Mas.,P,Bologna,1.0,1.0,0,0,1.0,
Sherri,P,Cagliari,1.0,1.0,0,0,1.0,
Tornqvist,P,Como,1.0,1.0,0,0,1.0,
Vigorito,P,Como,1.0,1.0,0,0,1.0,
Christensen O.,P,Fiorentina,1.0,1.0,0,0,1.0,
Lezzerini,P,Fiorentina,1.0,1.0,0,0,1.0,
Lolic,P,Frosinone,1.0,1.0,0,0,1.0,
Sommariva,P,Genoa,1.0,1.0,0,0,1.0,
Stolz,P,Genoa,1.0,1.0,0,0,1.0,
Di Gennaro,P,Inter,1.0,1.0,0,0,1.0,
Pinsoglio,P,Juventus,1.0,1.0,0,0,1.0,
Motta,P,Lazio,1.0,1.0,0,0,1.0,
Renzetti,P,Lazio,1.0,1.0,0,0,1.0,
Terracciano,P,Milan,1.0,1.0,0,0,1.0,
Torriani,P,Milan,1.0,1.0,0,0,1.0,
Strajnar,P,Monza,1.0,1.0,0,0,1.0,
Contini,P,Napoli,1.0,1.0,0,0,1.0,
Corvi,P,Parma,1.0,10.0,0,0,10.0,
De Marzi,P,Roma,1.0,1.0,0,0,1.0,
Gollini,P,Roma,1.0,1.0,0,0,1.0,
Russo A.,P,Sassuolo,1.0,1.0,0,0,1.0,
Turati,P,Sassuolo,1.0,1.0,0,0,1.0,
Mascardi,P,Torino,1.0,13.0,0,0,13.0,
Paleari,P,Torino,1.0,1.0,0,0,1.0,
Siviero,P,Torino,1.0,1.0,0,0,1.0,
Padelli,P,Udinese,1.0,1.0,0,0,1.0,
Piana,P,Udinese,1.0,1.0,0,0,1.0,
Grandi,P,Venezia,1.0,1.0,0,0,1.0,
Pozzi,P,Venezia,1.0,1.0,0,0,1.0,
Vismara,P,Atalanta,1.0,1.0,0,0,1.0,
Satalino,P,Sassuolo,1.0,1.0,0,0,1.0,
Penev,P,Lecce,1.0,1.0,0,0,1.0,
Pisseri,P,Frosinone,1.0,1.0,0,0,1.0,
Radunovic,P,Cagliari,1.0,1.0,0,0,1.0,
Montipò,P,Venezia,1.0,1.0,0,0,1.0,
Bleve,P,Lecce,1.0,1.0,0,0,1.0,
Grabara,P,Juventus,1.0,1.0,0,0,1.0,
Mrozek,P,Udinese,1.0,1.0,0,0,1.0,
Dimarco,D,Inter,32.0,253.0,0,0,253.0,
Molina N.,D,Roma,18.0,80.0,0,0,80.0,
Wesley,D,Roma,17.0,82.0,0,0,82.0,
Akanji,D,Inter,16.0,51.0,0,0,51.0,
Bremer,D,Juventus,15.0,60.0,0,0,60.0,
Mancini,D,Roma,15.0,49.0,0,0,49.0,
Bastoni,D,Inter,14.0,43.0,0,0,43.0,
Pavlovic,D,Milan,14.0,48.0,0,0,48.0,
Rrahmani,D,Napoli,14.0,51.0,0,0,51.0,
Kalulu,D,Juventus,13.0,46.0,0,0,46.0,
N'Dicka,D,Roma,13.0,44.0,0,0,44.0,
Solet,D,Udinese,13.0,46.0,0,0,46.0,
Bisseck,D,Inter,11.0,37.0,0,0,37.0,
Stones,D,Inter,12.0,30.0,0,0,30.0,
Gila,D,Milan,12.0,31.0,0,0,31.0,
Di Lorenzo,D,Napoli,12.0,40.0,0,0,40.0,
Spence,D,Inter,12.0,40.0,0,0,40.0,
Ostigard,D,Genoa,11.0,43.0,0,0,43.0,
Scalvini,D,Atalanta,10.0,28.0,0,0,28.0,
Ramon,D,Como,10.0,32.0,0,0,32.0,
Dodò,D,Fiorentina,10.0,20.0,0,0,20.0,
Hermoso,D,Roma,10.0,26.0,0,0,26.0,
Vasquez,D,Genoa,9.0,32.0,0,0,32.0,
Cambiaso,D,Juventus,9.0,25.0,0,0,25.0,
Tiago Gabriel,D,Lecce,7.0,20.0,0,0,20.0,
Chalobah T.,D,Como,9.0,30.0,0,0,30.0,
Hien,D,Atalanta,8.0,11.0,0,0,11.0,
Zappacosta,D,Atalanta,8.0,19.0,0,0,19.0,
Lucumì,D,Juventus,8.0,18.0,0,0,18.0,
Miranda J.,D,Bologna,8.0,24.0,0,0,24.0,
Mina,D,Cagliari,8.0,20.0,0,0,20.0,
Jimenez A.,D,Fiorentina,8.0,23.0,0,0,23.0,
Norton-Cuffy,D,Genoa,8.0,21.0,0,0,21.0,
Celik,D,Juventus,8.0,15.0,0,0,15.0,
Doekhi,D,Lazio,7.0,16.0,0,0,16.0,
Bartesaghi,D,Milan,8.0,22.0,0,0,22.0,
Spinazzola,D,Napoli,8.0,25.0,0,0,25.0,
Delprato,D,Parma,8.0,21.0,0,0,21.0,
Valeri,D,Parma,8.0,24.0,0,0,24.0,
Koulierakis,D,Roma,8.0,17.0,0,0,17.0,
Vojvoda,D,Udinese,8.0,19.0,0,0,19.0,
Kamara H.,D,Udinese,6.0,12.0,0,0,12.0,
Couto,D,Como,8.0,26.0,0,0,26.0,
Theate,D,Bologna,8.0,20.0,0,0,20.0,
Obert,D,Cagliari,7.0,15.0,0,0,15.0,
Kaiki,D,Como,7.0,16.0,0,0,16.0,
Dragusin,D,Fiorentina,8.0,27.0,0,0,27.0,
Carlos Augusto,D,Inter,7.0,25.0,0,0,25.0,
Romagnoli,D,Lazio,7.0,22.0,0,0,22.0,
Gabbia,D,Milan,7.0,24.0,0,0,24.0,
Tomori,D,Milan,7.0,8.0,0,0,8.0,
Buongiorno,D,Napoli,7.0,15.0,0,0,15.0,
Idzes,D,Sassuolo,7.0,19.0,0,0,19.0,
Coco,D,Torino,7.0,14.0,0,0,14.0,
Ismajli,D,Torino,7.0,13.0,0,0,13.0,
Kristensen T.,D,Atalanta,7.0,20.0,0,0,20.0,
Badiashile,D,Napoli,7.0,21.0,0,0,21.0,
Sutalo J.,D,Lazio,7.0,19.0,0,0,19.0,
Ahanor,D,Atalanta,6.0,14.0,0,0,14.0,
Bellanova,D,Atalanta,6.0,17.0,0,0,17.0,
Bernasconi,D,Atalanta,6.0,18.0,0,0,18.0,
Heggem,D,Bologna,6.0,15.0,0,0,15.0,
Zortea,D,Bologna,6.0,19.0,0,0,19.0,
Valle,D,Como,6.0,21.0,0,0,21.0,
Valdepenas,D,Fiorentina,6.0,18.0,0,0,18.0,
Viery,D,Fiorentina,6.0,17.0,0,0,17.0,
Monterisi,D,Frosinone,6.0,13.0,0,0,13.0,
Marcandalli,D,Genoa,6.0,14.0,0,0,14.0,
Pavard,D,Inter,6.0,14.0,0,0,14.0,
Tavares N.,D,Lazio,6.0,12.0,0,0,12.0,
Marusic,D,Lazio,6.0,20.0,0,0,20.0,
Gaspar K.,D,Lecce,5.0,12.0,0,0,12.0,
Veiga D.,D,Lecce,5.0,12.0,0,0,12.0,
Gallo,D,Lecce,6.0,13.0,0,0,13.0,
Mangas,D,Monza,6.0,15.0,0,0,15.0,
Beukema,D,Napoli,6.0,12.0,0,0,12.0,
Comuzzo,D,Torino,6.0,13.0,0,0,13.0,
Bella-Kotchap,D,Venezia,6.0,13.0,0,0,13.0,
Obrador,D,Sassuolo,6.0,15.0,0,0,15.0,
Balerdi,D,Roma,6.0,11.0,0,0,11.0,
Kolasinac,D,Atalanta,5.0,8.0,0,0,8.0,
Vitik,D,Bologna,5.0,10.0,0,0,10.0,
Holm,D,Bologna,5.0,13.0,0,0,13.0,
Kofler,D,Cagliari,5.0,8.0,0,0,8.0,
Zè Pedro,D,Cagliari,5.0,13.0,0,0,13.0,
Kempf,D,Como,5.0,13.0,0,0,13.0,
Parisi,D,Fiorentina,5.0,10.0,0,0,10.0,
Bracaglia,D,Frosinone,5.0,12.0,0,0,12.0,
Oyono A.,D,Frosinone,5.0,10.0,0,0,10.0,
Martin,D,Genoa,5.0,8.0,0,0,8.0,
Kelly L.,D,Juventus,5.0,12.0,0,0,12.0,
Pedraza,D,Lazio,5.0,15.0,0,0,15.0,
Siebert,D,Lecce,4.0,12.0,0,0,12.0,
Olivera,D,Napoli,5.0,13.0,0,0,13.0,
Rensch,D,Roma,5.0,14.0,0,0,14.0,
Moreno M.,D,Venezia,5.0,6.0,0,0,6.0,
Correia T.,D,Venezia,4.0,12.0,0,0,12.0,
Haps,D,Venezia,5.0,10.0,0,0,10.0,
Fortini,D,Torino,5.0,12.0,0,0,12.0,
Leysen F.,D,Sassuolo,5.0,12.0,0,0,12.0,
Rodriguez Ju.,D,Cagliari,3.0,14.0,0,0,14.0,
Smolcic I.,D,Como,4.0,10.0,0,0,10.0,
Pongracic,D,Fiorentina,4.0,8.0,0,0,8.0,
Calvani,D,Frosinone,4.0,12.0,0,0,12.0,
Mitaj,D,Genoa,4.0,10.0,0,0,10.0,
Gatti,D,Juventus,4.0,10.0,0,0,10.0,
De Winter,D,Milan,3.0,12.0,0,0,12.0,
Estupinan,D,Milan,3.0,13.0,0,0,13.0,
Delli Carri,D,Monza,4.0,11.0,0,0,11.0,
Lucchesi,D,Monza,4.0,11.0,0,0,11.0,
Birindelli,D,Monza,4.0,12.0,0,0,12.0,
Troilo,D,Parma,3.0,14.0,0,0,14.0,
Valenti,D,Parma,4.0,10.0,0,0,10.0,
Ghilardi,D,Roma,4.0,10.0,0,0,10.0,
Walukiewicz,D,Sassuolo,4.0,10.0,0,0,10.0,
Doig,D,Sassuolo,4.0,10.0,0,0,10.0,
Comert,D,Torino,4.0,12.0,0,0,12.0,
Kabasele,D,Udinese,4.0,12.0,0,0,12.0,
Bertola,D,Udinese,4.0,10.0,0,0,10.0,
Zanoli,D,Udinese,4.0,10.0,0,0,10.0,
Arizala,D,Udinese,4.0,8.0,0,0,8.0,
Halhal,D,Venezia,4.0,10.0,0,0,10.0,
Terzic,D,Frosinone,4.0,8.0,0,0,8.0,
Favasuli,D,Napoli,4.0,11.0,0,0,11.0,
Kossounou,D,Atalanta,3.0,12.0,0,0,12.0,
Casale,D,Bologna,3.0,5.0,0,0,5.0,
Helland,D,Bologna,2.0,12.0,0,0,12.0,
Idrissi R.,D,Cagliari,3.0,3.0,0,0,3.0,
Ranieri L.,D,Fiorentina,3.0,10.0,0,0,10.0,
Joao Mario,D,Fiorentina,3.0,12.0,0,0,12.0,
Akpoguma,D,Frosinone,3.0,6.0,0,0,6.0,
Cittadini,D,Frosinone,3.0,8.0,0,0,8.0,
Provstgaard,D,Lazio,3.0,14.0,0,0,14.0,
Floriani Mussolini,D,Lazio,3.0,10.0,0,0,10.0,
Kouadio,D,Monza,3.0,14.0,0,0,14.0,
Carboni A.,D,Monza,3.0,9.0,0,0,9.0,
Britschgi,D,Parma,3.0,10.0,0,0,10.0,
Candè,D,Sassuolo,3.0,7.0,0,0,7.0,
Palma,D,Udinese,2.0,11.0,0,0,11.0,
Ebosse,D,Udinese,2.0,5.0,0,0,5.0,
Schingtienne,D,Venezia,3.0,10.0,0,0,10.0,
Sverko,D,Venezia,3.0,7.0,0,0,7.0,
Hainaut,D,Venezia,3.0,12.0,0,0,12.0,
Odenthal,D,Sassuolo,1.0,8.0,0,0,8.0,
Tchato,D,Frosinone,3.0,8.0,0,0,8.0,
Kambwala,D,Como,3.0,8.0,0,0,8.0,
Alhassane,D,Bologna,2.0,6.0,0,0,6.0,
Van Der Brempt,D,Como,2.0,5.0,0,0,5.0,
Otoa,D,Genoa,2.0,5.0,0,0,5.0,
Puczka,D,Genoa,2.0,3.0,0,0,3.0,
Sabelli,D,Genoa,2.0,5.0,0,0,5.0,
Lazzari,D,Lazio,2.0,5.0,0,0,5.0,
Pellegrini Lu.,D,Lazio,2.0,7.0,0,0,7.0,
Jean,D,Lecce,2.0,4.0,0,0,4.0,
Ndaba,D,Lecce,1.0,5.0,0,0,5.0,
Diawara S.,D,Milan,2.0,4.0,0,0,4.0,
Bakoune,D,Monza,1.0,4.0,0,0,4.0,
Marin R.,D,Napoli,2.0,8.0,0,0,8.0,
Ndiaye,D,Parma,1.0,8.0,0,0,8.0,
Biraghi,D,Torino,2.0,5.0,0,0,5.0,
Abankwah,D,Udinese,1.0,10.0,0,0,10.0,
Franjic,D,Venezia,2.0,7.0,0,0,7.0,
Sagrado,D,Venezia,2.0,4.0,0,0,4.0,
Aurelio,D,Cagliari,2.0,5.0,0,0,5.0,
Cinquegrano,D,Sassuolo,1.0,4.0,0,0,4.0,
Terracciano F.,D,Milan,2.0,4.0,0,0,4.0,
De Silvestri,D,Bologna,1.0,4.0,0,0,4.0,
Goldaniga,D,Como,1.0,1.0,0,0,1.0,
Amey,D,Frosinone,1.0,1.0,0,0,1.0,
Rugani,D,Juventus,1.0,3.0,0,0,3.0,
Cabal,D,Juventus,1.0,4.0,0,0,4.0,
Patric,D,Lazio,1.0,1.0,0,0,1.0,
Antov,D,Monza,1.0,2.0,0,0,2.0,
Marianucci,D,Napoli,1.0,3.0,0,0,3.0,
Mazzocchi,D,Napoli,1.0,3.0,0,0,3.0,
Carboni F.,D,Parma,1.0,3.0,0,0,3.0,
Ziolkowski,D,Roma,1.0,2.0,0,0,2.0,
Missori,D,Sassuolo,1.0,2.0,0,0,2.0,
Pieragnolo,D,Sassuolo,1.0,1.0,0,0,1.0,
Mlacic,D,Udinese,1.0,3.0,0,0,3.0,
Gomes,D,Venezia,1.0,1.0,0,0,1.0,
Omar Fayed,D,Frosinone,1.0,1.0,0,0,1.0,
Macchioni,D,Sassuolo,1.0,1.0,0,0,1.0,
Lulli,D,Roma,1.0,3.0,0,0,3.0,
Maye,D,Monza,1.0,1.0,0,0,1.0,
Drobnic,D,Parma,1.0,1.0,0,0,1.0,
Paz N.,C,Como,30.0,247.0,0,0,247.0,
Calhanoglu,C,Inter,27.0,236.0,0,0,236.0,
McTominay,C,Napoli,28.0,228.0,0,0,228.0,
Orsolini,C,Bologna,26.0,192.0,0,0,192.0,
Pulisic,C,Milan,25.0,160.0,0,0,160.0,
Rabiot,C,Milan,22.0,145.0,0,0,145.0,
Baturina,C,Como,19.0,97.0,0,0,97.0,
Mora,C,Roma,19.0,95.0,0,0,95.0,
Da Cunha,C,Como,18.0,87.0,0,0,87.0,
Zaniolo,C,Udinese,18.0,85.0,0,0,85.0,
Barella,C,Inter,17.0,80.0,0,0,80.0,
McKennie,C,Juventus,17.0,70.0,0,0,70.0,
Atta,C,Fiorentina,17.0,86.0,0,0,86.0,
Zaccagni,C,Lazio,16.0,88.0,0,0,88.0,
De Bruyne,C,Napoli,15.0,107.0,0,0,107.0,
Gudmundsson A.,C,Fiorentina,13.0,40.0,0,0,40.0,
Taylor K.,C,Lazio,13.0,57.0,0,0,57.0,
Vlasic,C,Torino,14.0,75.0,0,0,75.0,
Ederson D.S.,C,Atalanta,12.0,49.0,0,0,49.0,
Samardzic,C,Atalanta,12.0,41.0,0,0,41.0,
Rodriguez Je.,C,Como,12.0,31.0,0,0,31.0,
Alajbegovic,C,Juventus,12.0,50.0,0,0,50.0,
Conceicao,C,Juventus,12.0,67.0,0,0,67.0,
Modric,C,Milan,12.0,46.0,0,0,46.0,
Mastantuono,C,Fiorentina,12.0,54.0,0,0,54.0,
Moreira,C,Milan,12.0,50.0,0,0,50.0,
Jones C.,C,Inter,12.0,48.0,0,0,48.0,
Kessiè,C,Atalanta,12.0,47.0,0,0,47.0,
Rowe,C,Bologna,11.0,44.0,0,0,44.0,
Baldanzi,C,Genoa,11.0,30.0,0,0,30.0,
Zielinski,C,Inter,10.0,45.0,0,0,45.0,
Zambo Anguissa,C,Napoli,11.0,47.0,0,0,47.0,
Ekkelenkamp,C,Udinese,10.0,45.0,0,0,45.0,
Gonzalez N.,C,Juventus,11.0,41.0,0,0,41.0,
Perrone,C,Como,10.0,37.0,0,0,37.0,
Thuram K.,C,Juventus,10.0,35.0,0,0,35.0,
Saelemaekers,C,Milan,10.0,35.0,0,0,35.0,
Politano,C,Napoli,10.0,40.0,0,0,40.0,
Vergara,C,Napoli,8.0,40.0,0,0,40.0,
Konè M.,C,Roma,10.0,42.0,0,0,42.0,
Thorstvedt,C,Sassuolo,10.0,40.0,0,0,40.0,
Casadei,C,Torino,10.0,32.0,0,0,32.0,
Pellegrini Lo.,C,Roma,10.0,25.0,0,0,25.0,
Pasalic,C,Atalanta,9.0,24.0,0,0,24.0,
Bernardeschi,C,Bologna,9.0,30.0,0,0,30.0,
Mandragora,C,Fiorentina,9.0,23.0,0,0,23.0,
Diouf,C,Inter,8.0,44.0,0,0,44.0,
Frattesi,C,Lazio,7.0,68.0,0,0,68.0,
Cancellieri,C,Lazio,9.0,28.0,0,0,28.0,
Isaksen,C,Lazio,9.0,22.0,0,0,22.0,
Konè I.,C,Sassuolo,9.0,20.0,0,0,20.0,
Gaetano,C,Atalanta,7.0,30.0,0,0,30.0,
Odgaard,C,Bologna,8.0,17.0,0,0,17.0,
Cambiaghi,C,Bologna,8.0,21.0,0,0,21.0,
Fagioli,C,Fiorentina,8.0,22.0,0,0,22.0,
Ndour,C,Fiorentina,8.0,25.0,0,0,25.0,
Sucic P.,C,Inter,8.0,21.0,0,0,21.0,
Locatelli,C,Juventus,8.0,33.0,0,0,33.0,
Colpani,C,Monza,8.0,15.0,0,0,15.0,
Lobotka,C,Napoli,7.0,22.0,0,0,22.0,
Cristante,C,Roma,8.0,29.0,0,0,29.0,
Volpato,C,Sassuolo,7.0,23.0,0,0,23.0,
Schmid,C,Frosinone,8.0,28.0,0,0,28.0,
Ferguson,C,Bologna,7.0,23.0,0,0,23.0,
Adopo,C,Cagliari,6.0,13.0,0,0,13.0,
Romano,C,Cagliari,5.0,20.0,0,0,20.0,
Fazzini,C,Cagliari,7.0,24.0,0,0,24.0,
Calò,C,Frosinone,7.0,25.0,0,0,25.0,
Frendrup,C,Genoa,7.0,20.0,0,0,20.0,
Rovella,C,Lazio,6.0,16.0,0,0,16.0,
Coulibaly L.,C,Lecce,6.0,17.0,0,0,17.0,
Chukwueze,C,Milan,6.0,22.0,0,0,22.0,
Pessina,C,Monza,7.0,15.0,0,0,15.0,
Bernabè,C,Parma,7.0,35.0,0,0,35.0,
Pisilli,C,Roma,5.0,17.0,0,0,17.0,
Oristanio,C,Torino,7.0,12.0,0,0,12.0,
Karlstrom,C,Udinese,6.0,20.0,0,0,20.0,
Unai Gomez,C,Udinese,7.0,17.0,0,0,17.0,
Sow,C,Genoa,7.0,15.0,0,0,15.0,
Elmas,C,Atalanta,7.0,28.0,0,0,28.0,
Zalewski,C,Atalanta,6.0,20.0,0,0,20.0,
Pobega,C,Bologna,6.0,13.0,0,0,13.0,
Winks,C,Cagliari,6.0,15.0,0,0,15.0,
Milla,C,Como,5.0,20.0,0,0,20.0,
Caqueret,C,Como,6.0,17.0,0,0,17.0,
Liberali,C,Como,6.0,21.0,0,0,21.0,
Oulai,C,Fiorentina,6.0,20.0,0,0,20.0,
Ellertsson,C,Genoa,6.0,18.0,0,0,18.0,
Zhegrova,C,Juventus,6.0,20.0,0,0,20.0,
Pierotti,C,Lecce,6.0,19.0,0,0,19.0,
Akinsanmiro,C,Monza,6.0,12.0,0,0,12.0,
Nicolussi Caviglia,C,Parma,6.0,16.0,0,0,16.0,
Matic,C,Sassuolo,5.0,15.0,0,0,15.0,
Gineitis,C,Torino,5.0,12.0,0,0,12.0,
Basic,C,Venezia,6.0,19.0,0,0,19.0,
Tourè I.,C,Monza,6.0,14.0,0,0,14.0,
Amondarain,C,Bologna,5.0,12.0,0,0,12.0,
Felici,C,Cagliari,5.0,8.0,0,0,8.0,
Addai,C,Como,5.0,10.0,0,0,10.0,
Zerbin,C,Frosinone,5.0,12.0,0,0,12.0,
Amorim,C,Genoa,4.0,11.0,0,0,11.0,
Meichtry,C,Genoa,5.0,11.0,0,0,11.0,
Traorè Hj.,C,Genoa,5.0,11.0,0,0,11.0,
Mkhitaryan,C,Inter,5.0,10.0,0,0,10.0,
Koopmeiners,C,Juventus,5.0,13.0,0,0,13.0,
Dele-Bashiru,C,Lazio,5.0,13.0,0,0,13.0,
Berisha M.,C,Lecce,5.0,12.0,0,0,12.0,
Gandelman,C,Lecce,5.0,10.0,0,0,10.0,
Fofana Y.,C,Milan,5.0,10.0,0,0,10.0,
Jashari,C,Milan,4.0,13.0,0,0,13.0,
Keita M.,C,Parma,5.0,15.0,0,0,15.0,
Adzic,C,Sassuolo,5.0,16.0,0,0,16.0,
Bakola,C,Sassuolo,5.0,14.0,0,0,14.0,
Cacciamani,C,Torino,5.0,20.0,0,0,20.0,
Njie,C,Torino,4.0,14.0,0,0,14.0,
Piotrowski,C,Udinese,5.0,15.0,0,0,15.0,
Busio,C,Venezia,5.0,14.0,0,0,14.0,
Sohm,C,Venezia,5.0,11.0,0,0,11.0,
Perez K.,C,Venezia,5.0,15.0,0,0,15.0,
Grillitsch,C,Frosinone,5.0,10.0,0,0,10.0,
Cissè A.,C,Milan,3.0,25.0,0,0,25.0,
De Roon,C,Atalanta,4.0,8.0,0,0,8.0,
Moro N.,C,Bologna,4.0,14.0,0,0,14.0,
Dominguez B.,C,Sassuolo,3.0,12.0,0,0,12.0,
Deiola,C,Cagliari,3.0,8.0,0,0,8.0,
Fabbian,C,Parma,4.0,8.0,0,0,8.0,
Cichella,C,Frosinone,4.0,12.0,0,0,12.0,
Koutsoupias,C,Frosinone,4.0,11.0,0,0,11.0,
Fini ,C,Frosinone,3.0,13.0,0,0,13.0,
Messias,C,Genoa,3.0,8.0,0,0,8.0,
Luis Henrique,C,Inter,4.0,12.0,0,0,12.0,
Douglas Luiz,C,Juventus,4.0,15.0,0,0,15.0,
Cataldi,C,Lazio,4.0,12.0,0,0,12.0,
Ngom,C,Lecce,4.0,13.0,0,0,13.0,
Ricci S.,C,Como,4.0,10.0,0,0,10.0,
Loftus-Cheek,C,Milan,4.0,18.0,0,0,18.0,
Folorunsho,C,Monza,4.0,17.0,0,0,17.0,
Almqvist,C,Parma,4.0,11.0,0,0,11.0,
Diallo O.,C,Parma,3.0,12.0,0,0,12.0,
El Aynaoui,C,Roma,4.0,18.0,0,0,18.0,
Fitz-Jim,C,Torino,4.0,18.0,0,0,18.0,
Ilkhan,C,Torino,4.0,10.0,0,0,10.0,
Miller L.,C,Udinese,3.0,12.0,0,0,12.0,
Sulemana I.,C,Atalanta,3.0,7.0,0,0,7.0,
Brescianini,C,Fiorentina,3.0,12.0,0,0,12.0,
Gelli F.,C,Frosinone,3.0,8.0,0,0,8.0,
Hasa,C,Frosinone,2.0,5.0,0,0,5.0,
Masini,C,Frosinone,2.0,8.0,0,0,8.0,
Stankovic A.,C,Inter,3.0,7.0,0,0,7.0,
Gorter,C,Lecce,1.0,12.0,0,0,12.0,
Maleh,C,Lecce,2.0,7.0,0,0,7.0,
Musah,C,Milan,2.0,15.0,0,0,15.0,
Colombo L.,C,Monza,3.0,4.0,0,0,4.0,
Gilmour,C,Napoli,3.0,10.0,0,0,10.0,
Ordonez C.,C,Parma,2.0,5.0,0,0,5.0,
Sorensen O.,C,Parma,3.0,12.0,0,0,12.0,
Aboukhlal,C,Torino,3.0,5.0,0,0,5.0,
Helgason,C,Venezia,3.0,3.0,0,0,3.0,
El Azzouzi O.,C,Bologna,2.0,10.0,0,0,10.0,
Fadera,C,Cagliari,2.0,12.0,0,0,12.0,
Venturino,C,Genoa,2.0,4.0,0,0,4.0,
Ciurria,C,Monza,2.0,6.0,0,0,6.0,
Boloca,C,Sassuolo,2.0,5.0,0,0,5.0,
Lipani,C,Sassuolo,2.0,5.0,0,0,5.0,
Chakvetadze,C,Udinese,2.0,6.0,0,0,6.0,
Duncan,C,Venezia,2.0,4.0,0,0,4.0,
Forson O.,C,Monza,1.0,1.0,0,0,1.0,
Liteta,C,Cagliari,1.0,1.0,0,0,1.0,
Lahdo,C,Como,1.0,1.0,0,0,1.0,
El Azzouzi A.,C,Frosinone,1.0,1.0,0,0,1.0,
Kone B.,C,Frosinone,1.0,3.0,0,0,3.0,
Belahyane,C,Lazio,1.0,3.0,0,0,3.0,
Przyborek,C,Lazio,1.0,5.0,0,0,5.0,
Kaba,C,Lecce,1.0,2.0,0,0,2.0,
Fofana Sa.,C,Lecce,1.0,1.0,0,0,1.0,
Cremaschi,C,Parma,1.0,3.0,0,0,3.0,
Iannoni,C,Sassuolo,1.0,1.0,0,0,1.0,
Ilic,C,Lecce,1.0,8.0,0,0,8.0,
Anjorin,C,Torino,1.0,4.0,0,0,4.0,
Zarraga,C,Udinese,1.0,4.0,0,0,4.0,
Dagasso,C,Venezia,1.0,1.0,0,0,1.0,
Laerke,C,Lecce,1.0,1.0,0,0,1.0,
Comotto,C,Milan,1.0,1.0,0,0,1.0,
Foe Ondoa,C,Monza,1.0,2.0,0,0,2.0,
Mout,C,Monza,1.0,12.0,0,0,12.0,
Ciervo,C,Cagliari,1.0,1.0,0,0,1.0,
Malen,A,Roma,34.0,414.0,0,0,414.0,
Martinez L.,A,Inter,35.0,367.0,0,0,367.0,
Thuram,A,Inter,29.0,263.0,0,0,263.0,
Ramos G.,A,Milan,27.0,228.0,0,0,228.0,
Hojlund,A,Napoli,28.0,257.0,0,0,257.0,
Kean,A,Fiorentina,25.0,187.0,0,0,187.0,
Kolo Muani,A,Juventus,26.0,211.0,0,0,211.0,
Yildiz,A,Juventus,23.0,150.0,0,0,150.0,
Douvikas,A,Como,20.0,170.0,0,0,170.0,
Krstovic,A,Atalanta,18.0,100.0,0,0,100.0,
Scamacca,A,Atalanta,19.0,123.0,0,0,123.0,
Davis K.,A,Udinese,19.0,109.0,0,0,109.0,
Berardi,A,Sassuolo,18.0,101.0,0,0,101.0,
De Ketelaere,A,Atalanta,17.0,98.0,0,0,98.0,
Esposito F.P.,A,Inter,16.0,105.0,0,0,105.0,
Dovbyk,A,Bologna,16.0,58.0,0,0,58.0,
Dybala,A,Roma,14.0,95.0,0,0,95.0,
Laurientè,A,Sassuolo,15.0,86.0,0,0,86.0,
Simeone,A,Torino,15.0,80.0,0,0,80.0,
Raspadori,A,Atalanta,13.0,76.0,0,0,76.0,
Santos A.,A,Napoli,14.0,62.0,0,0,62.0,
Pellegrino M.,A,Fiorentina,15.0,50.0,0,0,50.0,
Castro S.,A,Roma,14.0,76.0,0,0,76.0,
Esposito Se.,A,Sassuolo,13.0,40.0,0,0,40.0,
Pinamonti,A,Lazio,13.0,51.0,0,0,51.0,
Kevin Carlos,A,Cagliari,13.0,37.0,0,0,37.0,
Soulè,A,Roma,12.0,45.0,0,0,45.0,
Adams A.,A,Venezia,12.0,45.0,0,0,45.0,
Diao,A,Como,11.0,47.0,0,0,47.0,
Colombo,A,Genoa,11.0,55.0,0,0,55.0,
Tourè E.,A,Parma,11.0,43.0,0,0,43.0,
Dia,A,Lazio,10.0,30.0,0,0,30.0,
Ratkov,A,Lazio,10.0,26.0,0,0,26.0,
Bowie,A,Sassuolo,10.0,39.0,0,0,39.0,
Adams C.,A,Torino,9.0,33.0,0,0,33.0,
Romero D.,A,Parma,10.0,37.0,0,0,37.0,
Ghedjemis,A,Frosinone,9.0,23.0,0,0,23.0,
David,A,Juventus,9.0,37.0,0,0,37.0,
Geubbels,A,Lecce,9.0,23.0,0,0,23.0,
Cutrone,A,Monza,9.0,30.0,0,0,30.0,
Bobcek,A,Frosinone,9.0,38.0,0,0,38.0,
Piccoli,A,Bologna,8.0,37.0,0,0,37.0,
Vitinha O.,A,Genoa,8.0,16.0,0,0,16.0,
Yeboah J.,A,Venezia,8.0,27.0,0,0,27.0,
Rrahmani Al.,A,Venezia,8.0,18.0,0,0,18.0,
Osmajic,A,Genoa,8.0,30.0,0,0,30.0,
Raimondo,A,Frosinone,7.0,15.0,0,0,15.0,
Bonny,A,Inter,7.0,18.0,0,0,18.0,
Stulic,A,Lecce,7.0,12.0,0,0,12.0,
Zapata D.,A,Torino,7.0,18.0,0,0,18.0,
Sulemana K.,A,Atalanta,6.0,10.0,0,0,10.0,
Mutandwa,A,Cagliari,6.0,10.0,0,0,10.0,
Boga,A,Juventus,6.0,26.0,0,0,26.0,
Noslin,A,Lazio,6.0,17.0,0,0,17.0,
Gimenez,A,Milan,6.0,10.0,0,0,10.0,
Neres,A,Napoli,6.0,17.0,0,0,17.0,
Maldini,A,Cagliari,5.0,21.0,0,0,21.0,
Camarda,A,Milan,5.0,20.0,0,0,20.0,
Mota,A,Monza,5.0,10.0,0,0,10.0,
Varela G.,A,Monza,3.0,20.0,0,0,20.0,
Frigan,A,Parma,5.0,10.0,0,0,10.0,
Adorante,A,Venezia,5.0,12.0,0,0,12.0,
Milik,A,Juventus,5.0,13.0,0,0,13.0,
Birligea,A,Frosinone,5.0,14.0,0,0,14.0,
Ngonge,A,Monza,5.0,13.0,0,0,13.0,
Borrelli,A,Cagliari,4.0,9.0,0,0,9.0,
Mendy P.,A,Cagliari,4.0,14.0,0,0,14.0,
Kvernadze,A,Frosinone,4.0,17.0,0,0,17.0,
Havel,A,Genoa,4.0,9.0,0,0,9.0,
Giovane,A,Napoli,4.0,10.0,0,0,10.0,
Lang,A,Napoli,3.0,12.0,0,0,12.0,
Lucca,A,Napoli,3.0,10.0,0,0,10.0,
Kulenovic,A,Torino,4.0,9.0,0,0,9.0,
Gueye,A,Udinese,4.0,7.0,0,0,7.0,
Robinson J.,A,Monza,4.0,5.0,0,0,5.0,
Fatah,A,Lecce,4.0,17.0,0,0,17.0,
Kuhn,A,Como,3.0,5.0,0,0,5.0,
Ekhator,A,Juventus,3.0,10.0,0,0,10.0,
N'Dri,A,Lecce,3.0,15.0,0,0,15.0,
Elphege,A,Parma,3.0,11.0,0,0,11.0,
Lontani,A,Parma,1.0,10.0,0,0,10.0,
Trepy,A,Cagliari,1.0,2.0,0,0,2.0,
Azon,A,Como,1.0,1.0,0,0,1.0,
Vaz,A,Roma,1.0,4.0,0,0,4.0,
Bayo V.,A,Udinese,1.0,3.0,0,0,3.0,
Lisman,A,Venezia,1.0,1.0,0,0,1.0,
Lauberbach,A,Venezia,1.0,1.0,0,0,1.0,
De Martis,A,Parma,1.0,1.0,0,0,1.0,
